sim_time,supervisor_event,Plant.Temperature,Plant.Temperature_heater,Controller.heater_ctrl,Supervisor.temperature_desired,Supervisor.heating_time
0.0,True,21.0,21.0,True,35.0,20.0
0.5,True,21.0,21.0,True,35.0,20.0
1.0,True,21.0,21.0,True,35.0,20.0
1.5,True,21.0,21.028366088867188,True,35.0,20.0
2.0,True,21.00008773803711,21.05666160583496,True,35.0,20.0
2.5,True,21.00026512145996,21.084884643554688,True,35.0,20.0
3.0,True,21.000530242919922,21.113035202026367,True,35.0,20.0
3.5,True,21.00088119506836,21.141117095947266,True,35.0,20.0
4.0,True,21.001317977905273,21.169126510620117,True,35.0,20.0
4.5,True,21.001840591430664,21.197067260742188,True,35.0,20.0
5.0,True,21.00244903564453,21.224937438964844,True,35.0,20.0
5.5,True,21.003141403198242,21.25274085998535,True,35.0,20.0
6.0,True,21.003917694091797,21.280473709106445,True,35.0,20.0
6.5,True,21.004777908325195,21.308137893676758,True,35.0,20.0
7.0,True,21.005720138549805,21.33573341369629,True,35.0,20.0
7.5,True,21.006746292114258,21.363262176513672,True,35.0,20.0
8.0,True,21.00785255432129,21.390724182128906,True,35.0,20.0
8.5,True,21.00904083251953,21.41811752319336,True,35.0,20.0
9.0,True,21.01030921936035,21.445446014404297,True,35.0,20.0
9.5,True,21.01165771484375,21.472707748413086,True,35.0,20.0
10.0,True,21.013084411621094,21.49990463256836,True,35.0,20.0
10.5,True,21.01459312438965,21.527034759521484,True,35.0,20.0
11.0,True,21.016178131103516,21.554100036621094,True,35.0,20.0
11.5,True,21.017841339111328,21.581100463867188,True,35.0,20.0
12.0,True,21.019582748413086,21.6080379486084,True,35.0,20.0
12.5,True,21.021400451660156,21.634910583496094,True,35.0,20.0
13.0,True,21.02329444885254,21.661718368530273,True,35.0,20.0
13.5,True,21.0252628326416,21.688465118408203,True,35.0,20.0
14.0,True,21.02730941772461,21.715147018432617,True,35.0,20.0
14.5,True,21.029428482055664,21.74176788330078,True,35.0,20.0
15.0,True,21.0316219329834,21.768325805664062,True,35.0,20.0
15.5,True,21.033889770507812,21.794822692871094,True,35.0,20.0
16.0,True,21.036231994628906,21.821256637573242,True,35.0,20.0
16.5,True,21.038644790649414,21.84762954711914,True,35.0,20.0
17.0,True,21.0411319732666,21.873943328857422,True,35.0,20.0
17.5,True,21.043689727783203,21.90019416809082,True,35.0,20.0
18.0,True,21.04631805419922,21.926387786865234,True,35.0,20.0
18.5,True,21.04901885986328,21.952518463134766,True,35.0,20.0
19.0,True,21.051788330078125,21.978591918945312,True,35.0,20.0
19.5,True,21.054630279541016,22.004606246948242,True,35.0,20.0
20.0,True,21.057538986206055,22.030559539794922,True,35.0,20.0
20.5,True,21.060518264770508,22.05645751953125,True,35.0,20.0
21.0,True,21.06356430053711,22.082294464111328,True,35.0,20.0
21.5,True,21.066679000854492,22.108074188232422,True,35.0,20.0
22.0,True,21.069860458374023,22.13379669189453,True,35.0,20.0
22.5,True,21.073110580444336,22.15946388244629,True,35.0,20.0
23.0,True,21.076425552368164,22.18507194519043,True,35.0,20.0
23.5,True,21.07980728149414,22.210622787475586,True,35.0,20.0
24.0,True,21.083255767822266,22.23611831665039,True,35.0,20.0
24.5,True,21.086767196655273,22.261558532714844,True,35.0,20.0
25.0,True,21.09034538269043,22.286943435668945,True,35.0,20.0
25.5,True,21.09398651123047,22.312271118164062,True,35.0,20.0
26.0,True,21.097692489624023,22.33754539489746,True,35.0,20.0
26.5,True,21.10146141052246,22.362764358520508,True,35.0,20.0
27.0,True,21.10529327392578,22.387928009033203,True,35.0,20.0
27.5,True,21.109188079833984,22.41303825378418,True,35.0,20.0
28.0,True,21.113143920898438,22.438095092773438,True,35.0,20.0
28.5,True,21.117162704467773,22.463096618652344,True,35.0,20.0
29.0,True,21.121240615844727,22.488046646118164,True,35.0,20.0
29.5,True,21.125381469726562,22.512943267822266,True,35.0,20.0
30.0,True,21.129581451416016,22.53778648376465,True,35.0,20.0
30.5,True,21.13384246826172,22.562578201293945,True,35.0,20.0
31.0,True,21.13816261291504,22.587318420410156,True,35.0,20.0
31.5,True,21.142541885375977,22.61200523376465,True,35.0,20.0
32.0,True,21.14698028564453,22.636640548706055,True,35.0,20.0
32.5,True,21.15147590637207,22.661226272583008,True,35.0,20.0
33.0,True,21.156030654907227,22.685758590698242,True,35.0,20.0
33.5,True,21.160642623901367,22.710241317749023,True,35.0,20.0
34.0,True,21.165311813354492,22.73467445373535,True,35.0,20.0
34.5,True,21.17003631591797,22.759056091308594,True,35.0,20.0
35.0,True,21.17481803894043,22.783390045166016,True,35.0,20.0
35.5,True,21.179656982421875,22.80767250061035,True,35.0,20.0
36.0,True,21.18454933166504,22.831905364990234,True,35.0,20.0
36.5,True,21.189498901367188,22.856088638305664,True,35.0,20.0
37.0,True,21.194501876831055,22.880224227905273,True,35.0,20.0
37.5,True,21.199560165405273,22.904312133789062,True,35.0,20.0
38.0,True,21.20467185974121,22.9283504486084,True,35.0,20.0
38.5,True,21.209836959838867,22.952341079711914,True,35.0,20.0
39.0,True,21.215055465698242,22.97628402709961,True,35.0,20.0
39.5,True,21.220327377319336,23.000179290771484,True,35.0,20.0
40.0,True,21.225650787353516,23.02402687072754,True,35.0,20.0
40.5,True,21.231027603149414,23.047826766967773,True,35.0,20.0
41.0,True,21.236454010009766,23.07158088684082,True,35.0,20.0
41.5,True,21.241933822631836,23.09528923034668,True,35.0,20.0
42.0,True,21.247465133666992,23.11894989013672,True,35.0,20.0
42.5,True,21.2530460357666,23.14256477355957,True,35.0,20.0
43.0,True,21.258676528930664,23.166135787963867,True,35.0,20.0
43.5,True,21.264358520507812,23.189659118652344,True,35.0,20.0
44.0,True,21.270090103149414,23.213136672973633,True,35.0,20.0
44.5,True,21.275869369506836,23.236570358276367,True,35.0,20.0
45.0,True,21.28169822692871,23.259960174560547,True,35.0,20.0
45.5,True,21.28757667541504,23.28330421447754,True,35.0,20.0
46.0,True,21.293502807617188,23.306604385375977,True,35.0,20.0
46.5,True,21.299476623535156,23.329858779907227,True,35.0,20.0
47.0,True,21.305498123168945,23.353071212768555,True,35.0,20.0
47.5,True,21.311567306518555,23.376239776611328,True,35.0,20.0
48.0,True,21.31768226623535,23.399364471435547,True,35.0,20.0
48.5,True,21.32384490966797,23.42244529724121,True,35.0,20.0
49.0,True,21.330053329467773,23.445484161376953,True,35.0,20.0
49.5,True,21.336307525634766,23.468481063842773,True,35.0,19.987001419067383
50.0,True,21.342607498168945,23.49143409729004,True,35.0,20.006471633911133
50.5,True,21.348953247070312,23.514345169067383,True,35.0,20.04071807861328
51.0,True,21.355342864990234,23.537214279174805,True,35.0,20.079896926879883
51.5,True,21.361778259277344,23.560041427612305,True,35.0,20.091955184936523
52.0,True,21.368255615234375,23.582826614379883,True,35.0,20.0992431640625
52.5,True,21.374778747558594,23.605571746826172,True,35.0,20.08085823059082
53.0,True,21.381345748901367,23.62827491760254,True,35.0,20.111251831054688
53.5,True,21.387954711914062,23.650936126708984,True,35.0,20.12384605407715
54.0,True,21.394609451293945,23.67355728149414,True,35.0,20.0883846282959
54.5,True,21.401304244995117,23.696138381958008,True,35.0,20.061635971069336
55.0,True,21.408042907714844,23.718679428100586,True,35.0,20.030824661254883
55.5,True,21.41482162475586,23.741178512573242,True,35.0,19.99523162841797
56.0,True,21.42164421081543,23.763639450073242,True,35.0,19.99152946472168
56.5,True,21.428508758544922,23.786060333251953,True,35.0,19.94913101196289
57.0,True,21.435413360595703,23.808441162109375,True,35.0,19.939855575561523
57.5,True,21.442358016967773,23.83078384399414,True,35.0,19.913881301879883
58.0,True,21.449344635009766,23.853086471557617,True,35.0,19.913347244262695
58.5,True,21.456371307373047,23.875350952148438,True,35.0,19.897245407104492
59.0,True,21.463438034057617,23.89757537841797,True,35.0,19.91453742980957
59.5,True,21.470544815063477,23.919761657714844,True,35.0,19.94661521911621
60.0,True,21.477689743041992,23.941911697387695,True,35.0,19.96871566772461
60.5,True,21.484874725341797,23.964021682739258,True,35.0,19.955507278442383
61.0,True,21.49209976196289,23.986093521118164,True,35.0,19.90940284729004
61.5,True,21.499361038208008,24.008129119873047,True,35.0,19.95441436767578
62.0,True,21.506662368774414,24.030126571655273,True,35.0,19.90962028503418
62.5,True,21.514001846313477,24.052085876464844,True,35.0,19.91529083251953
63.0,True,21.521377563476562,24.07400894165039,True,35.0,19.877946853637695
63.5,True,21.528791427612305,24.095895767211914,True,35.0,19.920452117919922
64.0,True,21.536243438720703,24.11774444580078,True,35.0,19.93268585205078
64.5,True,21.543731689453125,24.139556884765625,True,35.0,19.89341163635254
65.0,True,21.55125617980957,24.161333084106445,True,35.0,19.941177368164062
65.5,True,21.558818817138672,24.183073043823242,True,35.0,19.89275360107422
66.0,True,21.566415786743164,24.204776763916016,True,35.0,19.920909881591797
66.5,True,21.57404899597168,24.2264461517334,True,35.0,19.89881134033203
67.0,True,21.58171844482422,24.248077392578125,True,35.0,19.85723114013672
67.5,True,21.58942222595215,24.269676208496094,True,35.0,19.898387908935547
68.0,True,21.5971622467041,24.291236877441406,True,35.0,19.851600646972656
68.5,True,21.604936599731445,24.31276512145996,True,35.0,19.897733688354492
69.0,True,21.612747192382812,24.334257125854492,True,35.0,19.90102195739746
69.5,True,21.620590209960938,24.355712890625,True,35.0,19.89009666442871
70.0,True,21.628467559814453,24.37713623046875,True,35.0,19.903533935546875
70.5,True,21.63637924194336,24.39852523803711,True,35.0,19.94557762145996
71.0,True,21.644323348999023,24.419878005981445,True,35.0,19.90558624267578
71.5,True,21.652301788330078,24.441198348999023,True,35.0,19.9083309173584
72.0,True,21.66031265258789,24.46248435974121,True,35.0,19.903718948364258
72.5,True,21.66835594177246,24.48373794555664,True,35.0,19.905216217041016
73.0,True,21.676433563232422,24.504955291748047,True,35.0,19.90659523010254
73.5,True,21.68454360961914,24.526142120361328,True,35.0,19.951093673706055
74.0,True,21.692684173583984,24.54729461669922,True,35.0,19.949783325195312
74.5,True,21.700857162475586,24.56841278076172,True,35.0,19.965768814086914
75.0,True,21.709062576293945,24.589500427246094,True,35.0,19.91957664489746
75.5,True,21.71729850769043,24.610553741455078,True,35.0,19.909767150878906
76.0,True,21.72556495666504,24.631574630737305,True,35.0,19.902936935424805
76.5,True,21.733863830566406,24.652563095092773,True,35.0,19.91077995300293
77.0,True,21.7421932220459,24.673519134521484,True,35.0,19.924015045166016
77.5,True,21.750551223754883,24.69444465637207,True,35.0,19.887435913085938
78.0,True,21.758941650390625,24.7153377532959,True,35.0,19.887432098388672
78.5,True,21.76736068725586,24.73619842529297,True,35.0,19.924102783203125
79.0,True,21.77581024169922,24.75702667236328,True,35.0,19.881244659423828
79.5,True,21.784290313720703,24.77782440185547,True,35.0,19.90479278564453
80.0,True,21.79279899597168,24.79859161376953,True,35.0,19.86834716796875
80.5,True,21.80133628845215,24.81932830810547,True,35.0,19.881635665893555
81.0,True,21.80990219116211,24.84003257751465,True,35.0,19.84995460510254
81.5,True,21.818496704101562,24.860706329345703,True,35.0,19.855546951293945
82.0,True,21.82712173461914,24.881349563598633,True,35.0,19.854206085205078
82.5,True,21.835773468017578,24.901960372924805,True,35.0,19.813217163085938
83.0,True,21.844453811645508,24.922542572021484,True,35.0,19.82715606689453
83.5,True,21.853160858154297,24.943096160888672,True,35.0,19.778301239013672
84.0,True,21.861896514892578,24.9636173248291,True,35.0,19.75279998779297
84.5,True,21.87065887451172,24.98410987854004,True,35.0,19.703723907470703
85.0,True,21.87944984436035,25.00457191467285,True,35.0,19.752500534057617
85.5,True,21.88826560974121,25.02500343322754,True,35.0,19.746681213378906
86.0,True,21.897109985351562,25.045406341552734,True,35.0,19.7581787109375
86.5,True,21.905981063842773,25.065780639648438,True,35.0,19.75666618347168
87.0,True,21.91487693786621,25.086124420166016,True,35.0,19.77616310119629
87.5,True,21.923799514770508,25.1064395904541,True,35.0,19.778186798095703
88.0,True,21.932748794555664,25.126726150512695,True,35.0,19.812549591064453
88.5,True,21.94172477722168,25.146984100341797,True,35.0,19.860666275024414
89.0,True,21.95072364807129,25.167213439941406,True,35.0,19.89015769958496
89.5,True,21.959749221801758,25.187414169311523,True,35.0,19.892545700073242
90.0,True,21.968801498413086,25.20758628845215,True,35.0,19.911373138427734
90.5,True,21.977876663208008,25.22772979736328,True,35.0,19.934064865112305
91.0,True,21.986976623535156,25.247846603393555,True,35.0,19.942726135253906
91.5,True,21.996103286743164,25.267934799194336,True,35.0,19.97047996520996
92.0,True,22.005252838134766,25.287994384765625,True,35.0,19.938623428344727
92.5,True,22.01442527770996,25.308027267456055,True,35.0,19.987192153930664
93.0,True,22.023624420166016,25.328031539916992,True,35.0,19.986021041870117
93.5,True,22.032846450805664,25.34800910949707,True,35.0,19.94386863708496
94.0,True,22.042091369628906,25.36795997619629,True,35.0,19.937742233276367
94.5,True,22.051361083984375,25.387882232666016,True,35.0,19.976476669311523
95.0,True,22.060651779174805,25.407777786254883,True,35.0,19.932828903198242
95.5,True,22.06996726989746,25.42764663696289,True,35.0,19.976665496826172
96.0,True,22.07930564880371,25.44748878479004,True,35.0,19.968589782714844
96.5,True,22.088666915893555,25.467304229736328,True,35.0,19.972003936767578
97.0,True,22.098051071166992,25.487092971801758,True,35.0,20.01407241821289
97.5,True,22.10745620727539,25.506855010986328,True,35.0,19.971885681152344
98.0,True,22.116886138916016,25.526592254638672,True,35.0,19.965999603271484
98.5,True,22.12633514404297,25.546302795410156,True,35.0,19.981245040893555
99.0,True,22.135807037353516,25.56598663330078,True,35.0,20.009984970092773
99.5,True,22.145301818847656,25.585643768310547,True,35.0,20.012468338012695
100.0,True,22.154817581176758,25.605276107788086,True,35.0,19.9898738861084
100.5,True,22.16435432434082,25.6248836517334,True,35.0,19.973939895629883
101.0,True,22.173912048339844,25.64446449279785,True,35.0,19.978776931762695
101.5,True,22.183490753173828,25.664018630981445,True,35.0,20.006423950195312
102.0,True,22.193090438842773,25.683549880981445,True,35.0,19.987503051757812
102.5,True,22.20271110534668,25.703054428100586,True,35.0,20.012866973876953
103.0,True,22.212352752685547,25.7225341796875,True,35.0,19.97617530822754
103.5,True,22.222013473510742,25.741989135742188,True,35.0,20.017465591430664
104.0,True,22.2316951751709,25.76141929626465,True,35.0,20.030012130737305
104.5,True,22.241395950317383,25.780824661254883,True,35.0,20.0539493560791
105.0,True,22.251117706298828,25.80020523071289,True,35.0,20.051776885986328
105.5,True,22.2608585357666,25.819562911987305,True,35.0,20.089492797851562
106.0,True,22.270620346069336,25.83889389038086,True,35.0,20.065662384033203
106.5,True,22.280399322509766,25.85820198059082,True,35.0,20.029722213745117
107.0,True,22.290199279785156,25.877485275268555,True,35.0,20.020971298217773
107.5,True,22.300016403198242,25.896743774414062,True,35.0,20.062604904174805
108.0,True,22.30985450744629,25.915979385375977,True,35.0,20.083234786987305
108.5,True,22.31970977783203,25.935190200805664,True,35.0,20.093555450439453
109.0,True,22.329586029052734,25.954378128051758,True,35.0,20.120155334472656
109.5,True,22.3394775390625,25.973541259765625,True,35.0,20.165119171142578
110.0,True,22.349390029907227,25.99268341064453,True,35.0,20.203264236450195
110.5,True,22.35931968688965,26.011798858642578,True,35.0,20.16382598876953
111.0,True,22.369266510009766,26.030893325805664,True,35.0,20.12946128845215
111.5,True,22.37923240661621,26.049962997436523,True,35.0,20.084726333618164
112.0,True,22.38921546936035,26.069011688232422,True,35.0,20.046995162963867
112.5,True,22.399215698242188,26.088035583496094,True,35.0,19.997671127319336
113.0,True,22.40923309326172,26.107036590576172,True,35.0,20.011045455932617
113.5,True,22.419269561767578,26.126014709472656,True,35.0,20.0270938873291
114.0,True,22.4293212890625,26.14497184753418,True,35.0,20.007417678833008
114.5,True,22.43939208984375,26.163904190063477,True,35.0,20.041536331176758
115.0,True,22.449478149414062,26.182815551757812,True,35.0,20.077926635742188
115.5,True,22.45958137512207,26.201704025268555,True,35.0,20.04141616821289
116.0,True,22.46969985961914,26.220569610595703,True,35.0,20.07386016845703
116.5,True,22.479835510253906,26.23941421508789,True,35.0,20.052005767822266
117.0,True,22.489988327026367,26.258235931396484,True,35.0,20.038103103637695
117.5,True,22.50015640258789,26.277034759521484,True,35.0,20.04635238647461
118.0,True,22.51034164428711,26.295812606811523,True,35.0,20.05607032775879
118.5,True,22.52054214477539,26.3145694732666,True,35.0,20.011884689331055
119.0,True,22.530757904052734,26.333303451538086,True,35.0,19.977556228637695
119.5,True,22.54098892211914,26.35201644897461,True,35.0,19.971210479736328
120.0,True,22.551237106323242,26.370708465576172,True,35.0,19.949140548706055
120.5,True,22.561498641967773,26.38937759399414,True,35.0,19.99509620666504
121.0,True,22.571775436401367,26.40802574157715,True,35.0,19.97700309753418
121.5,True,22.582069396972656,26.426652908325195,True,35.0,19.989913940429688
122.0,True,22.592376708984375,26.44525909423828,True,35.0,19.965259552001953
122.5,True,22.602699279785156,26.463844299316406,True,35.0,19.96684455871582
123.0,True,22.613037109375,26.48240852355957,True,35.0,19.953134536743164
123.5,True,22.623388290405273,26.500951766967773,True,35.0,19.96196174621582
124.0,True,22.63375473022461,26.519474029541016,True,35.0,19.916099548339844
124.5,True,22.644134521484375,26.537975311279297,True,35.0,19.92433738708496
125.0,True,22.654529571533203,26.556455612182617,True,35.0,19.967782974243164
125.5,True,22.66493797302246,26.57491683959961,True,35.0,19.973339080810547
126.0,True,22.67536163330078,26.593355178833008,True,35.0,19.98090171813965
126.5,True,22.6857967376709,26.61177635192871,True,35.0,19.94552993774414
127.0,True,22.696247100830078,26.63017463684082,True,35.0,19.907445907592773
127.5,True,22.706710815429688,26.6485538482666,True,35.0,19.85867691040039
128.0,True,22.717187881469727,26.666913986206055,True,35.0,19.85004425048828
128.5,True,22.727678298950195,26.685253143310547,True,35.0,19.86784553527832
129.0,True,22.738182067871094,26.703571319580078,True,35.0,19.86724090576172
129.5,True,22.748699188232422,26.72187042236328,True,35.0,19.870046615600586
130.0,True,22.75922966003418,26.740150451660156,True,35.0,19.89319610595703
130.5,True,22.769771575927734,26.75840950012207,True,35.0,19.843595504760742
131.0,True,22.78032684326172,26.77665138244629,True,35.0,19.875579833984375
131.5,True,22.790895462036133,26.794870376586914,True,35.0,19.911470413208008
132.0,True,22.801475524902344,26.813072204589844,True,35.0,19.879226684570312
132.5,True,22.812068939208984,26.831254959106445,True,35.0,19.877031326293945
133.0,True,22.822673797607422,26.849416732788086,True,35.0,19.90700340270996
133.5,True,22.83329200744629,26.86756134033203,True,35.0,19.9332218170166
134.0,True,22.843921661376953,26.885684967041016,True,35.0,19.93895149230957
134.5,True,22.854562759399414,26.903791427612305,True,35.0,19.9233455657959
135.0,True,22.865217208862305,26.921876907348633,True,35.0,19.90369987487793
135.5,True,22.87588119506836,26.939945220947266,True,35.0,19.90923500061035
136.0,True,22.886558532714844,26.957992553710938,True,35.0,19.890260696411133
136.5,True,22.897247314453125,26.976022720336914,True,35.0,19.887189865112305
137.0,True,22.90794563293457,26.994035720825195,True,35.0,19.868478775024414
137.5,True,22.918657302856445,27.012027740478516,True,35.0,19.908950805664062
138.0,True,22.929380416870117,27.03000259399414,True,35.0,19.894786834716797
138.5,True,22.940113067626953,27.047958374023438,True,35.0,19.93878746032715
139.0,True,22.950857162475586,27.065895080566406,True,35.0,19.967575073242188
139.5,True,22.961612701416016,27.08381462097168,True,35.0,19.97602653503418
140.0,True,22.97237777709961,27.101716995239258,True,35.0,19.96677589416504
140.5,True,22.983154296875,27.119598388671875,True,35.0,20.01660919189453
141.0,True,22.993942260742188,27.13746452331543,True,35.0,20.040729522705078
141.5,True,23.00473976135254,27.155311584472656,True,35.0,19.997615814208984
142.0,True,23.015548706054688,27.173141479492188,True,35.0,20.00895881652832
142.5,True,23.0263671875,27.19095230102539,True,35.0,19.980501174926758
143.0,True,23.037195205688477,27.2087459564209,True,35.0,20.00238037109375
143.5,True,23.04803466796875,27.226520538330078,True,35.0,20.04425621032715
144.0,True,23.058881759643555,27.244279861450195,True,35.0,20.07339859008789
144.5,True,23.06974220275879,27.262020111083984,True,35.0,20.09247398376465
145.0,True,23.080610275268555,27.279743194580078,True,35.0,20.119487762451172
145.5,True,23.091487884521484,27.297449111938477,True,35.0,20.121994018554688
146.0,True,23.102375030517578,27.31513786315918,True,35.0,20.097803115844727
146.5,True,23.113271713256836,27.332809448242188,True,35.0,20.1061954498291
147.0,True,23.12417984008789,27.3504638671875,True,35.0,20.06608009338379
147.5,True,23.135095596313477,27.368101119995117,True,35.0,20.03081512451172
148.0,True,23.146020889282227,27.385719299316406,True,35.0,20.00503921508789
148.5,True,23.156953811645508,27.403322219848633,True,35.0,20.026531219482422
149.0,True,23.167898178100586,27.420909881591797,True,35.0,19.98471450805664
149.5,True,23.178850173950195,27.438478469848633,True,35.0,20.028596878051758
150.0,True,23.18981170654297,27.456029891967773,True,35.0,20.059520721435547
150.5,True,23.200780868530273,27.47356605529785,True,35.0,20.10648536682129
151.0,True,23.211759567260742,27.491085052490234,True,35.0,20.099937438964844
151.5,True,23.222747802734375,27.508586883544922,True,35.0,20.122756958007812
152.0,True,23.23374366760254,27.526073455810547,True,35.0,20.170284271240234
152.5,True,23.244747161865234,27.543542861938477,True,35.0,20.17986297607422
153.0,True,23.255760192871094,27.56099510192871,True,35.0,20.18767547607422
153.5,True,23.266780853271484,27.578432083129883,True,35.0,20.142860412597656
154.0,True,23.277809143066406,27.59585189819336,True,35.0,20.16863250732422
154.5,True,23.288846969604492,27.613256454467773,True,35.0,20.173681259155273
155.0,True,23.29989242553711,27.630643844604492,True,35.0,20.14989471435547
155.5,True,23.310945510864258,27.64801597595215,True,35.0,20.1234130859375
156.0,True,23.322006225585938,27.66537094116211,True,35.0,20.13707160949707
156.5,True,23.33307456970215,27.682710647583008,True,35.0,20.148128509521484
157.0,True,23.34415054321289,27.700035095214844,True,35.0,20.188379287719727
157.5,True,23.355234146118164,27.717342376708984,True,35.0,20.164844512939453
158.0,True,23.36632537841797,27.734634399414062,True,35.0,20.1942081451416
158.5,True,23.377424240112305,27.751911163330078,True,35.0,20.223047256469727
159.0,True,23.388530731201172,27.7691707611084,True,35.0,20.209354400634766
159.5,True,23.399642944335938,27.78641700744629,True,35.0,20.212358474731445
160.0,True,23.410764694213867,27.803646087646484,True,35.0,20.212509155273438
160.5,True,23.421892166137695,27.820859909057617,True,35.0,20.259746551513672
161.0,True,23.433025360107422,27.838058471679688,True,35.0,20.301706314086914
161.5,True,23.444168090820312,27.855241775512695,True,35.0,20.33072280883789
162.0,True,23.4553165435791,27.87240982055664,True,35.0,20.2916202545166
162.5,True,23.46647071838379,27.889562606811523,True,35.0,20.34073257446289
163.0,True,23.477632522583008,27.906700134277344,True,35.0,20.332500457763672
163.5,True,23.488801956176758,27.92382049560547,True,35.0,20.331411361694336
164.0,True,23.499977111816406,27.940927505493164,True,35.0,20.330476760864258
164.5,True,23.511157989501953,27.95802116394043,True,35.0,20.364849090576172
165.0,True,23.52234649658203,27.97509765625,True,35.0,20.36313247680664
165.5,True,23.533540725708008,27.992158889770508,True,35.0,20.367565155029297
166.0,True,23.544740676879883,28.009206771850586,True,35.0,20.373441696166992
166.5,True,23.55594825744629,28.0262393951416,True,35.0,20.342737197875977
167.0,True,23.567161560058594,28.043256759643555,True,35.0,20.342119216918945
167.5,True,23.578380584716797,28.060258865356445,True,35.0,20.368064880371094
168.0,True,23.5896053314209,28.077247619628906,True,35.0,20.386808395385742
168.5,True,23.6008358001709,28.094221115112305,True,35.0,20.350418090820312
169.0,True,23.612071990966797,28.11117935180664,True,35.0,20.374038696289062
169.5,True,23.623315811157227,28.128124237060547,True,35.0,20.34366798400879
170.0,True,23.634563446044922,28.14505386352539,True,35.0,20.314796447753906
170.5,True,23.645816802978516,28.161968231201172,True,35.0,20.344146728515625
171.0,True,23.657075881958008,28.178869247436523,True,35.0,20.32366371154785
171.5,True,23.6683406829834,28.195756912231445,True,35.0,20.35495948791504
172.0,True,23.679611206054688,28.212629318237305,True,35.0,20.332454681396484
172.5,True,23.690887451171875,28.2294864654541,True,35.0,20.325923919677734
173.0,True,23.702167510986328,28.24633026123047,True,35.0,20.320669174194336
173.5,True,23.713455200195312,28.263160705566406,True,35.0,20.337148666381836
174.0,True,23.72474479675293,28.27997589111328,True,35.0,20.29318618774414
174.5,True,23.736042022705078,28.296777725219727,True,35.0,20.29767417907715
175.0,True,23.747343063354492,28.313566207885742,True,35.0,20.32159996032715
175.5,True,23.758649826049805,28.330341339111328,True,35.0,20.30670166015625
176.0,True,23.769960403442383,28.34710121154785,True,35.0,20.352611541748047
176.5,True,23.78127670288086,28.363845825195312,True,35.0,20.383115768432617
177.0,True,23.792598724365234,28.380578994750977,True,35.0,20.378782272338867
177.5,True,23.803922653198242,28.397296905517578,True,35.0,20.40973663330078
178.0,True,23.81525421142578,28.414003372192383,True,35.0,20.36581039428711
178.5,True,23.826587677001953,28.430694580078125,True,35.0,20.33139419555664
179.0,True,23.837926864624023,28.447372436523438,True,35.0,20.341461181640625
179.5,True,23.849271774291992,28.464035034179688,True,35.0,20.29568099975586
180.0,True,23.860620498657227,28.48068618774414,True,35.0,20.309093475341797
180.5,True,23.871973037719727,28.497323989868164,True,35.0,20.261817932128906
181.0,True,23.883329391479492,28.513948440551758,True,35.0,20.22863006591797
181.5,True,23.894689559936523,28.53055763244629,True,35.0,20.210464477539062
182.0,True,23.906055450439453,28.547155380249023,True,35.0,20.172691345214844
182.5,True,23.91742515563965,28.563739776611328,True,35.0,20.17547607421875
183.0,True,23.928796768188477,28.58030891418457,True,35.0,20.190900802612305
183.5,True,23.940174102783203,28.596866607666016,True,35.0,20.16781234741211
184.0,True,23.951555252075195,28.61341094970703,True,35.0,20.201995849609375
184.5,True,23.962940216064453,28.629941940307617,True,35.0,20.222244262695312
185.0,True,23.974328994750977,28.646459579467773,True,35.0,20.243806838989258
185.5,True,23.985721588134766,28.662965774536133,True,35.0,20.195308685302734
186.0,True,23.99711799621582,28.67945671081543,True,35.0,20.222688674926758
186.5,True,24.00851821899414,28.69593620300293,True,35.0,20.208520889282227
187.0,True,24.019922256469727,28.71240234375,True,35.0,20.199254989624023
187.5,True,24.031328201293945,28.728857040405273,True,35.0,20.18102264404297
188.0,True,24.042739868164062,28.745296478271484,True,35.0,20.202239990234375
188.5,True,24.054153442382812,28.7617244720459,True,35.0,20.244131088256836
189.0,True,24.065570831298828,28.778139114379883,True,35.0,20.225589752197266
189.5,True,24.07699203491211,28.79454231262207,True,35.0,20.27371597290039
190.0,True,24.088415145874023,28.810932159423828,True,35.0,20.225587844848633
190.5,True,24.099842071533203,28.827308654785156,True,35.0,20.271902084350586
191.0,True,24.11127281188965,28.843673706054688,True,35.0,20.289278030395508
191.5,True,24.122705459594727,28.86002540588379,True,35.0,20.29220199584961
192.0,True,24.13414192199707,28.876365661621094,True,35.0,20.272891998291016
192.5,True,24.14558219909668,28.89269256591797,True,35.0,20.298913955688477
193.0,True,24.157024383544922,28.909006118774414,True,35.0,20.264278411865234
193.5,True,24.168468475341797,28.925308227539062,True,35.0,20.233915328979492
194.0,True,24.179916381835938,28.941598892211914,True,35.0,20.242218017578125
194.5,True,24.191368103027344,28.957876205444336,True,35.0,20.27031898498535
195.0,True,24.202821731567383,28.97414207458496,True,35.0,20.22417640686035
195.5,True,24.214277267456055,28.990394592285156,True,35.0,20.234243392944336
196.0,True,24.225736618041992,29.006635665893555,True,35.0,20.250301361083984
196.5,True,24.237197875976562,29.022865295410156,True,35.0,20.283437728881836
197.0,True,24.248661041259766,29.039081573486328,True,35.0,20.263748168945312
197.5,True,24.260128021240234,29.055286407470703,True,35.0,20.26366424560547
198.0,True,24.271596908569336,29.07147979736328,True,35.0,20.294065475463867
198.5,True,24.28306770324707,29.08765983581543,True,35.0,20.2468204498291
199.0,True,24.29454231262207,29.10382843017578,True,35.0,20.201807022094727
199.5,True,24.30601692199707,29.119985580444336,True,35.0,20.224872589111328
200.0,True,24.317495346069336,29.136131286621094,True,35.0,20.19876480102539
200.5,True,24.328975677490234,29.152263641357422,True,35.0,20.20086669921875
201.0,True,24.3404598236084,29.168384552001953,True,35.0,20.166593551635742
201.5,True,24.351943969726562,29.184494018554688,True,35.0,20.15091323852539
202.0,True,24.36343002319336,29.200592041015625,True,35.0,20.196632385253906
202.5,True,24.374919891357422,29.216678619384766,True,35.0,20.223180770874023
203.0,True,24.386409759521484,29.232751846313477,True,35.0,20.242115020751953
203.5,True,24.397903442382812,29.248815536499023,True,35.0,20.28009605407715
204.0,True,24.40939712524414,29.26486587524414,True,35.0,20.249788284301758
204.5,True,24.420894622802734,29.280906677246094,True,35.0,20.2222900390625
205.0,True,24.432392120361328,29.296934127807617,True,35.0,20.263277053833008
205.5,True,24.443891525268555,29.312950134277344,True,35.0,20.25611114501953
206.0,True,24.455392837524414,29.328956604003906,True,35.0,20.28558349609375
206.5,True,24.46689796447754,29.34494972229004,True,35.0,20.259784698486328
207.0,True,24.478403091430664,29.360931396484375,True,35.0,20.24843406677246
207.5,True,24.48990821838379,29.376903533935547,True,35.0,20.20604705810547
208.0,True,24.50141716003418,29.39286231994629,True,35.0,20.22260093688965
208.5,True,24.51292610168457,29.408809661865234,True,35.0,20.234848022460938
209.0,True,24.524436950683594,29.424747467041016,True,35.0,20.1986141204834
209.5,True,24.53594970703125,29.440673828125,True,35.0,20.226547241210938
210.0,True,24.54746437072754,29.456586837768555,True,35.0,20.223812103271484
210.5,True,24.558979034423828,29.472490310668945,True,35.0,20.265424728393555
211.0,True,24.57049560546875,29.48838233947754,True,35.0,20.31402587890625
211.5,True,24.582014083862305,29.50426483154297,True,35.0,20.32476043701172
212.0,True,24.59353256225586,29.52013397216797,True,35.0,20.31015396118164
212.5,True,24.605052947998047,29.535993576049805,True,35.0,20.347957611083984
213.0,True,24.616575241088867,29.551841735839844,True,35.0,20.38212013244629
213.5,True,24.628097534179688,29.567678451538086,True,35.0,20.364940643310547
214.0,True,24.639619827270508,29.58350372314453,True,35.0,20.351015090942383
214.5,True,24.65114402770996,29.599319458007812,True,35.0,20.307971954345703
215.0,True,24.662670135498047,29.615123748779297,True,35.0,20.312910079956055
215.5,True,24.674196243286133,29.630916595458984,True,35.0,20.354572296142578
216.0,True,24.68572425842285,29.646699905395508,True,35.0,20.32163429260254
216.5,True,24.69725227355957,29.662471771240234,True,35.0,20.36568260192871
217.0,True,24.708782196044922,29.678232192993164,True,35.0,20.382314682006836
217.5,True,24.720312118530273,29.69398307800293,True,35.0,20.372385025024414
218.0,True,24.731842041015625,29.7097225189209,True,35.0,20.35466194152832
218.5,True,24.74337387084961,29.72545051574707,True,35.0,20.350318908691406
219.0,True,24.754905700683594,29.741168975830078,True,35.0,20.399160385131836
219.5,True,24.766437530517578,29.75687599182129,True,35.0,20.444957733154297
220.0,True,24.777971267700195,29.772573471069336,True,35.0,20.395076751708984
220.5,True,24.789505004882812,29.788259506225586,True,35.0,20.376596450805664
221.0,True,24.80103874206543,29.803936004638672,True,35.0,20.362642288208008
221.5,True,24.81257438659668,29.81960105895996,True,35.0,20.315229415893555
222.0,True,24.82411003112793,29.835256576538086,True,35.0,20.33209800720215
222.5,True,24.83564567565918,29.850900650024414,True,35.0,20.295743942260742
223.0,True,24.84718132019043,29.866533279418945,True,35.0,20.256223678588867
223.5,True,24.858718872070312,29.882158279418945,True,35.0,20.244035720825195
224.0,True,24.870254516601562,29.897769927978516,True,35.0,20.261911392211914
224.5,True,24.881792068481445,29.913373947143555,True,35.0,20.230270385742188
225.0,True,24.893329620361328,29.928966522216797,True,35.0,20.202037811279297
225.5,True,24.90486717224121,29.944547653198242,True,35.0,20.22417449951172
226.0,True,24.916404724121094,29.960119247436523,True,35.0,20.249483108520508
226.5,True,24.92794418334961,29.97568130493164,True,35.0,20.209890365600586
227.0,True,24.939481735229492,29.991233825683594,True,35.0,20.17150115966797
227.5,True,24.951019287109375,30.00677490234375,True,35.0,20.14410972595215
228.0,True,24.96255874633789,30.02230453491211,True,35.0,20.154375076293945
228.5,True,24.974096298217773,30.037826538085938,True,35.0,20.178430557250977
229.0,True,24.98563575744629,30.05333709716797,True,35.0,20.213512420654297
229.5,True,24.997173309326172,30.068838119506836,True,35.0,20.212970733642578
230.0,True,25.008712768554688,30.08432960510254,True,35.0,20.22317123413086
230.5,False,25.02025032043457,30.099809646606445,True,35.0,20.22317123413086
231.0,False,25.031787872314453,30.115280151367188,True,35.0,20.22317123413086
231.5,False,25.043325424194336,30.130741119384766,True,35.0,20.22317123413086
232.0,False,25.05486488342285,30.146190643310547,True,35.0,20.22317123413086
232.5,False,25.066402435302734,30.161632537841797,True,35.0,20.22317123413086
233.0,False,25.077938079833984,30.17706298828125,True,35.0,20.22317123413086
233.5,False,25.089475631713867,30.19248390197754,True,35.0,20.22317123413086
234.0,False,25.10101318359375,30.207895278930664,True,35.0,20.22317123413086
234.5,False,25.112548828125,30.223297119140625,True,35.0,20.22317123413086
235.0,False,25.12408447265625,30.23868751525879,True,35.0,20.22317123413086
235.5,False,25.1356201171875,30.254070281982422,True,35.0,20.22317123413086
236.0,False,25.14715576171875,30.269441604614258,True,35.0,20.22317123413086
236.5,False,25.15869140625,30.28480339050293,True,35.0,20.22317123413086
237.0,False,25.170225143432617,30.300155639648438,True,35.0,20.22317123413086
237.5,False,25.181758880615234,30.31549835205078,True,35.0,20.22317123413086
238.0,False,25.19329261779785,30.33083152770996,True,35.0,20.22317123413086
238.5,False,25.204824447631836,30.346155166625977,True,35.0,20.22317123413086
239.0,False,25.216358184814453,30.361469268798828,True,35.0,20.22317123413086
239.5,False,25.227888107299805,30.376773834228516,True,35.0,20.22317123413086
240.0,False,25.23941993713379,30.39206886291504,True,35.0,20.22317123413086
240.5,False,25.25094985961914,30.4073543548584,True,35.0,20.22317123413086
241.0,False,25.262479782104492,30.42262840270996,True,35.0,20.22317123413086
241.5,False,25.27400779724121,30.437894821166992,True,35.0,20.22317123413086
242.0,False,25.28553581237793,30.45315170288086,True,35.0,20.22317123413086
242.5,False,25.29706382751465,30.468399047851562,True,35.0,20.22317123413086
243.0,False,25.308589935302734,30.4836368560791,True,35.0,20.22317123413086
243.5,False,25.32011604309082,30.498865127563477,True,35.0,20.22317123413086
244.0,False,25.331640243530273,30.514083862304688,True,35.0,20.22317123413086
244.5,False,25.343164443969727,30.529293060302734,True,35.0,20.22317123413086
245.0,False,25.354686737060547,30.544492721557617,True,35.0,20.22317123413086
245.5,False,25.366209030151367,30.55968475341797,True,35.0,20.22317123413086
246.0,False,25.377731323242188,30.574865341186523,True,35.0,20.22317123413086
246.5,False,25.389251708984375,30.590038299560547,True,35.0,20.22317123413086
247.0,False,25.40077018737793,30.605199813842773,True,35.0,20.22317123413086
247.5,False,25.412288665771484,30.62035369873047,True,35.0,20.22317123413086
248.0,False,25.423805236816406,30.635498046875,True,35.0,20.22317123413086
248.5,False,25.435321807861328,30.650634765625,True,35.0,20.22317123413086
249.0,False,25.446836471557617,30.665760040283203,True,35.0,20.22317123413086
249.5,False,25.458349227905273,30.680875778198242,True,35.0,20.22317123413086
250.0,False,25.46986198425293,30.69598388671875,True,35.0,20.22317123413086
250.5,False,25.481372833251953,30.711082458496094,True,35.0,20.22317123413086
251.0,False,25.492883682250977,30.726173400878906,True,35.0,20.22317123413086
251.5,False,25.504392623901367,30.741252899169922,True,35.0,20.22317123413086
252.0,False,25.515899658203125,30.756324768066406,True,35.0,20.22317123413086
252.5,False,25.527406692504883,30.771387100219727,True,35.0,20.22317123413086
253.0,False,25.538911819458008,30.786439895629883,True,35.0,20.22317123413086
253.5,False,25.5504150390625,30.801483154296875,True,35.0,20.22317123413086
254.0,False,25.561918258666992,30.816518783569336,True,35.0,20.22317123413086
254.5,False,25.57341957092285,30.831544876098633,True,35.0,20.22317123413086
255.0,False,25.584918975830078,30.8465633392334,True,35.0,20.22317123413086
255.5,False,25.596418380737305,30.861570358276367,True,35.0,20.22317123413086
256.0,False,25.607913970947266,30.876569747924805,True,35.0,20.22317123413086
256.5,False,25.619409561157227,30.89156150817871,True,35.0,20.22317123413086
257.0,False,25.630903244018555,30.906543731689453,True,35.0,20.22317123413086
257.5,False,25.642396926879883,30.92151641845703,True,35.0,20.22317123413086
258.0,False,25.653886795043945,30.936479568481445,True,35.0,20.22317123413086
258.5,False,25.665376663208008,30.951435089111328,True,35.0,20.22317123413086
259.0,False,25.676864624023438,30.966381072998047,True,35.0,20.22317123413086
259.5,False,25.688350677490234,30.981319427490234,True,35.0,20.22317123413086
260.0,False,25.69983673095703,30.996248245239258,True,35.0,20.22317123413086
260.5,False,25.711318969726562,31.011167526245117,True,35.0,20.22317123413086
261.0,False,25.722801208496094,31.026079177856445,True,35.0,20.22317123413086
261.5,False,25.73427963256836,31.04098129272461,True,35.0,20.22317123413086
262.0,False,25.745758056640625,31.055875778198242,True,35.0,20.22317123413086
262.5,False,25.757234573364258,31.07076072692871,True,35.0,20.22317123413086
263.0,False,25.768709182739258,31.08563804626465,True,35.0,20.22317123413086
263.5,False,25.780181884765625,31.100505828857422,True,35.0,20.22317123413086
264.0,False,25.79165267944336,31.115365982055664,True,35.0,20.22317123413086
264.5,False,25.803123474121094,31.130216598510742,True,35.0,20.22317123413086
265.0,False,25.814590454101562,31.14505958557129,True,35.0,20.22317123413086
265.5,False,25.8260555267334,31.159893035888672,True,35.0,20.22317123413086
266.0,False,25.837520599365234,31.17471694946289,True,35.0,20.22317123413086
266.5,False,25.848981857299805,31.189533233642578,True,35.0,20.22317123413086
267.0,False,25.860443115234375,31.204341888427734,True,35.0,20.22317123413086
267.5,False,25.87190055847168,31.219141006469727,True,35.0,20.22317123413086
268.0,False,25.883358001708984,31.233932495117188,True,35.0,20.22317123413086
268.5,False,25.894811630249023,31.248716354370117,True,35.0,20.22317123413086
269.0,False,25.906265258789062,31.26348876953125,True,35.0,20.22317123413086
269.5,False,25.917715072631836,31.278255462646484,True,35.0,20.22317123413086
270.0,False,25.929162979125977,31.293012619018555,True,35.0,20.22317123413086
270.5,False,25.940610885620117,31.307762145996094,True,35.0,20.22317123413086
271.0,False,25.952054977416992,31.32250213623047,True,35.0,20.22317123413086
271.5,False,25.963497161865234,31.337234497070312,True,35.0,20.22317123413086
272.0,False,25.974937438964844,31.351957321166992,True,35.0,20.22317123413086
272.5,False,25.98637580871582,31.366674423217773,True,35.0,20.22317123413086
273.0,False,25.997812271118164,31.381380081176758,True,35.0,20.22317123413086
273.5,False,26.009246826171875,31.396080017089844,True,35.0,20.22317123413086
274.0,False,26.020679473876953,31.410770416259766,True,35.0,20.22317123413086
274.5,False,26.032108306884766,31.425453186035156,True,35.0,20.22317123413086
275.0,False,26.043537139892578,31.440126419067383,True,35.0,20.22317123413086
275.5,False,26.054962158203125,31.454792022705078,True,35.0,20.22317123413086
276.0,False,26.06638526916504,31.469449996948242,True,35.0,20.22317123413086
276.5,False,26.07780647277832,31.484098434448242,True,35.0,20.22317123413086
277.0,False,26.08922576904297,31.498741149902344,True,35.0,20.22317123413086
277.5,False,26.100643157958984,31.51337242126465,True,35.0,20.22317123413086
278.0,False,26.112056732177734,31.527997970581055,True,35.0,20.22317123413086
278.5,False,26.12346839904785,31.542613983154297,True,35.0,20.22317123413086
279.0,False,26.134878158569336,31.55722427368164,True,35.0,20.22317123413086
279.5,False,26.146286010742188,31.571823120117188,True,35.0,20.22317123413086
280.0,False,26.157691955566406,31.586416244506836,True,35.0,20.22317123413086
280.5,False,26.16909408569336,31.60099983215332,True,35.0,20.22317123413086
281.0,False,26.180496215820312,31.615575790405273,True,35.0,20.22317123413086
281.5,False,26.191892623901367,31.630144119262695,True,35.0,20.22317123413086
282.0,False,26.203289031982422,31.644704818725586,True,35.0,20.22317123413086
282.5,False,26.214683532714844,31.659255981445312,True,35.0,20.22317123413086
283.0,False,26.22607421875,31.67380142211914,True,35.0,20.22317123413086
283.5,False,26.237462997436523,31.688337326049805,True,35.0,20.22317123413086
284.0,False,26.24884796142578,31.702863693237305,True,35.0,20.22317123413086
284.5,False,26.26023292541504,31.717384338378906,True,35.0,20.22317123413086
285.0,False,26.27161407470703,31.731897354125977,True,35.0,20.22317123413086
285.5,False,26.282991409301758,31.746400833129883,True,35.0,20.22317123413086
286.0,False,26.294368743896484,31.760896682739258,True,35.0,20.22317123413086
286.5,False,26.305742263793945,31.7753849029541,True,35.0,20.22317123413086
287.0,False,26.317113876342773,31.789865493774414,True,35.0,20.22317123413086
287.5,False,26.328481674194336,31.804338455200195,True,35.0,20.22317123413086
288.0,False,26.339847564697266,31.818801879882812,True,35.0,20.22317123413086
288.5,False,26.351211547851562,31.83325958251953,True,35.0,20.22317123413086
289.0,False,26.362571716308594,31.847707748413086,True,35.0,20.22317123413086
289.5,False,26.373931884765625,31.86214828491211,True,35.0,20.22317123413086
290.0,False,26.385286331176758,31.8765811920166,True,35.0,20.22317123413086
290.5,False,26.396638870239258,31.891008377075195,True,35.0,20.22317123413086
291.0,False,26.407989501953125,31.905424118041992,True,35.0,20.22317123413086
291.5,False,26.41933822631836,31.91983413696289,True,35.0,20.22317123413086
292.0,False,26.430683135986328,31.934236526489258,True,35.0,20.22317123413086
292.5,False,26.442026138305664,31.948631286621094,True,35.0,20.22317123413086
293.0,False,26.453365325927734,31.9630184173584,True,35.0,20.22317123413086
293.5,False,26.464702606201172,31.97739601135254,True,35.0,20.22317123413086
294.0,False,26.476036071777344,31.99176788330078,True,35.0,20.22317123413086
294.5,False,26.487367630004883,32.00613021850586,True,35.0,20.22317123413086
295.0,False,26.49869728088379,32.020484924316406,True,35.0,20.22317123413086
295.5,False,26.51002311706543,32.03483581542969,True,35.0,20.22317123413086
296.0,False,26.521347045898438,32.04917526245117,True,35.0,20.22317123413086
296.5,False,26.53266716003418,32.063507080078125,True,35.0,20.22317123413086
297.0,False,26.54398536682129,32.07783126831055,True,35.0,20.22317123413086
297.5,False,26.555299758911133,32.09214782714844,True,35.0,20.22317123413086
298.0,False,26.566612243652344,32.10646057128906,True,35.0,20.22317123413086
298.5,False,26.57792091369629,32.12076187133789,True,35.0,20.22317123413086
299.0,False,26.5892276763916,32.13505554199219,True,35.0,20.22317123413086
299.5,False,26.60053253173828,32.14934158325195,True,35.0,20.22317123413086
300.0,False,26.611831665039062,32.16362380981445,True,35.0,20.22317123413086
300.5,False,26.623130798339844,32.177894592285156,True,35.0,20.22317123413086
301.0,False,26.63442611694336,32.19215774536133,True,35.0,20.22317123413086
301.5,False,26.64571762084961,32.20641326904297,True,35.0,20.22317123413086
302.0,False,26.657007217407227,32.220664978027344,True,35.0,20.22317123413086
302.5,False,26.668292999267578,32.23490524291992,True,35.0,20.22317123413086
303.0,False,26.679576873779297,32.24913787841797,True,35.0,20.22317123413086
303.5,False,26.69085693359375,32.26336669921875,True,35.0,20.22317123413086
304.0,False,26.702133178710938,32.277584075927734,True,35.0,20.22317123413086
304.5,False,26.713409423828125,32.29179763793945,True,35.0,20.22317123413086
305.0,False,26.724679946899414,32.305999755859375,True,35.0,20.22317123413086
305.5,False,26.73594856262207,32.32019805908203,True,35.0,20.22317123413086
306.0,False,26.74721336364746,32.334388732910156,True,35.0,20.22317123413086
306.5,False,26.75847625732422,32.348567962646484,True,35.0,20.22317123413086
307.0,False,26.76973533630371,32.36274337768555,True,35.0,20.22317123413086
307.5,False,26.78099250793457,32.37691116333008,True,35.0,20.22317123413086
308.0,False,26.792245864868164,32.39107131958008,True,35.0,20.22317123413086
308.5,False,26.803497314453125,32.40522384643555,True,35.0,20.22317123413086
309.0,False,26.814743041992188,32.419368743896484,True,35.0,20.22317123413086
309.5,False,26.82598876953125,32.43350601196289,True,35.0,20.22317123413086
310.0,False,26.837228775024414,32.447635650634766,True,35.0,20.22317123413086
310.5,False,26.848466873168945,32.46175765991211,True,35.0,20.22317123413086
311.0,False,26.85970115661621,32.47587585449219,True,35.0,20.22317123413086
311.5,False,26.870933532714844,32.48998260498047,True,35.0,20.22317123413086
312.0,False,26.88216209411621,32.504085540771484,True,35.0,20.22317123413086
312.5,False,26.893388748168945,32.5181770324707,True,35.0,20.22317123413086
313.0,False,26.904611587524414,32.532264709472656,True,35.0,20.22317123413086
313.5,False,26.915830612182617,32.54634475708008,True,35.0,20.22317123413086
314.0,False,26.927045822143555,32.56041717529297,True,35.0,20.22317123413086
314.5,False,26.93825912475586,32.57448196411133,True,35.0,20.22317123413086
315.0,False,26.9494686126709,32.588539123535156,True,35.0,20.22317123413086
315.5,False,26.960676193237305,32.60258865356445,True,35.0,20.22317123413086
316.0,False,26.971879959106445,32.61663055419922,True,35.0,20.22317123413086
316.5,False,26.98307991027832,32.63066482543945,True,35.0,20.22317123413086
317.0,False,26.99427604675293,32.64469528198242,True,35.0,20.22317123413086
317.5,False,27.005470275878906,32.65871810913086,True,35.0,20.22317123413086
318.0,False,27.016660690307617,32.6727294921875,True,35.0,20.22317123413086
318.5,False,27.027847290039062,32.686737060546875,True,35.0,20.22317123413086
319.0,False,27.039031982421875,32.70073699951172,True,35.0,20.22317123413086
319.5,False,27.050212860107422,32.71472930908203,True,35.0,20.22317123413086
320.0,False,27.061389923095703,32.72871780395508,True,35.0,20.22317123413086
320.5,False,27.07256507873535,32.74269485473633,True,35.0,20.22317123413086
321.0,False,27.083736419677734,32.75666427612305,True,35.0,20.22317123413086
321.5,False,27.09490394592285,32.7706298828125,True,35.0,20.22317123413086
322.0,False,27.106067657470703,32.78458786010742,True,35.0,20.22317123413086
322.5,False,27.117229461669922,32.79853820800781,True,35.0,20.22317123413086
323.0,False,27.128387451171875,32.81248092651367,True,35.0,20.22317123413086
323.5,False,27.139541625976562,32.826416015625,True,35.0,20.22317123413086
324.0,False,27.150691986083984,32.8403434753418,True,35.0,20.22317123413086
324.5,False,27.161840438842773,32.85426712036133,True,35.0,20.22317123413086
325.0,False,27.172985076904297,32.86818313598633,True,35.0,20.22317123413086
325.5,False,27.184125900268555,32.88208770751953,True,35.0,20.22317123413086
326.0,False,27.195262908935547,32.89598846435547,True,35.0,20.22317123413086
326.5,False,27.206398010253906,32.909881591796875,True,35.0,20.22317123413086
327.0,False,27.217527389526367,32.923770904541016,True,35.0,20.22317123413086
327.5,False,27.228654861450195,32.93764877319336,True,35.0,20.22317123413086
328.0,False,27.23978042602539,32.95152282714844,True,35.0,20.22317123413086
328.5,False,27.250900268554688,32.965389251708984,True,35.0,20.22317123413086
329.0,False,27.26201820373535,32.979248046875,True,35.0,20.22317123413086
329.5,False,27.27313232421875,32.993099212646484,True,35.0,20.22317123413086
330.0,False,27.284242630004883,33.00694274902344,True,35.0,20.22317123413086
330.5,False,27.29534912109375,33.020782470703125,True,35.0,20.22317123413086
331.0,False,27.306453704833984,33.034610748291016,True,35.0,20.22317123413086
331.5,False,27.31755256652832,33.04843521118164,True,35.0,20.22317123413086
332.0,False,27.328649520874023,33.062252044677734,True,35.0,20.22317123413086
332.5,False,27.33974266052246,33.07606506347656,True,35.0,20.22317123413086
333.0,False,27.350831985473633,33.089866638183594,True,35.0,20.22317123413086
333.5,False,27.361919403076172,33.10366439819336,True,35.0,20.22317123413086
334.0,False,27.373001098632812,33.117454528808594,True,35.0,20.22317123413086
334.5,False,27.38408088684082,33.1312370300293,True,35.0,20.22317123413086
335.0,False,27.395156860351562,33.14501190185547,True,35.0,20.22317123413086
335.5,False,27.40622901916504,33.15877914428711,True,35.0,20.22317123413086
336.0,False,27.41729736328125,33.172542572021484,True,35.0,20.22317123413086
336.5,False,27.428363800048828,33.18629837036133,True,35.0,20.22317123413086
337.0,False,27.439424514770508,33.20004653930664,True,35.0,20.22317123413086
337.5,False,27.450483322143555,33.21378707885742,True,35.0,20.22317123413086
338.0,False,27.461538314819336,33.22752380371094,True,35.0,20.22317123413086
338.5,False,27.47258949279785,33.241249084472656,True,35.0,20.22317123413086
339.0,False,27.4836368560791,33.25497055053711,True,35.0,20.22317123413086
339.5,False,27.494680404663086,33.26868438720703,True,35.0,20.22317123413086
340.0,False,27.505722045898438,33.28239440917969,True,35.0,20.22317123413086
340.5,False,27.51675796508789,33.29609298706055,True,35.0,20.22317123413086
341.0,False,27.52779197692871,33.30978775024414,True,35.0,20.22317123413086
341.5,False,27.538822174072266,33.3234748840332,True,35.0,20.22317123413086
342.0,False,27.549848556518555,33.337158203125,True,35.0,20.22317123413086
342.5,False,27.560871124267578,33.350830078125,True,35.0,20.22317123413086
343.0,False,27.571889877319336,33.364498138427734,True,35.0,20.22317123413086
343.5,False,27.582904815673828,33.37815856933594,True,35.0,20.22317123413086
344.0,False,27.593915939331055,33.39181137084961,True,35.0,20.22317123413086
344.5,False,27.60492515563965,33.405460357666016,True,35.0,20.22317123413086
345.0,False,27.615928649902344,33.419097900390625,True,35.0,20.22317123413086
345.5,False,27.626930236816406,33.43273162841797,True,35.0,20.22317123413086
346.0,False,27.637928009033203,33.44635772705078,True,35.0,20.22317123413086
346.5,False,27.648921966552734,33.45998001098633,True,35.0,20.22317123413086
347.0,False,27.659910202026367,33.473594665527344,True,35.0,20.22317123413086
347.5,False,27.670896530151367,33.48720169067383,True,35.0,20.22317123413086
348.0,False,27.681880950927734,33.50080108642578,True,35.0,20.22317123413086
348.5,False,27.692859649658203,33.5143928527832,True,35.0,20.22317123413086
349.0,False,27.703834533691406,33.52798080444336,True,35.0,20.22317123413086
349.5,False,27.714805603027344,33.541561126708984,True,35.0,20.22317123413086
350.0,False,27.72577476501465,33.55513381958008,True,35.0,20.22317123413086
350.5,False,27.736738204956055,33.568702697753906,True,35.0,20.22317123413086
351.0,False,27.747699737548828,33.5822639465332,True,35.0,20.22317123413086
351.5,False,27.758655548095703,33.59581756591797,True,35.0,20.22317123413086
352.0,False,27.769609451293945,33.6093635559082,True,35.0,20.22317123413086
352.5,False,27.780559539794922,33.62290573120117,True,35.0,20.22317123413086
353.0,False,27.79150390625,33.636436462402344,True,35.0,20.22317123413086
353.5,False,27.802446365356445,33.649967193603516,True,35.0,20.22317123413086
354.0,False,27.813385009765625,33.66348648071289,True,35.0,20.22317123413086
354.5,False,27.82431983947754,33.677001953125,True,35.0,20.22317123413086
355.0,False,27.835250854492188,33.69050979614258,True,35.0,20.22317123413086
355.5,False,27.84617805480957,33.704010009765625,True,35.0,20.22317123413086
356.0,False,27.857101440429688,33.717506408691406,True,35.0,20.22317123413086
356.5,False,27.86802101135254,33.730995178222656,True,35.0,20.22317123413086
357.0,False,27.878936767578125,33.744476318359375,True,35.0,20.22317123413086
357.5,False,27.889850616455078,33.75794982910156,True,35.0,20.22317123413086
358.0,False,27.900758743286133,33.771419525146484,True,35.0,20.22317123413086
358.5,False,27.911663055419922,33.784881591796875,True,35.0,20.22317123413086
359.0,False,27.922563552856445,33.798336029052734,True,35.0,20.22317123413086
359.5,False,27.933460235595703,33.81178665161133,True,35.0,20.22317123413086
360.0,False,27.944355010986328,33.82522964477539,True,35.0,20.22317123413086
360.5,False,27.955244064331055,33.83866500854492,True,35.0,20.22317123413086
361.0,False,27.966129302978516,33.85209655761719,True,35.0,20.22317123413086
361.5,False,27.977012634277344,33.86552047729492,True,35.0,20.22317123413086
362.0,False,27.987890243530273,33.878936767578125,True,35.0,20.22317123413086
362.5,False,27.998764038085938,33.8923454284668,True,35.0,20.22317123413086
363.0,False,28.00963592529297,33.9057502746582,True,35.0,20.22317123413086
363.5,False,28.0205020904541,33.91914749145508,True,35.0,20.22317123413086
364.0,False,28.0313663482666,33.93254089355469,True,35.0,20.22317123413086
364.5,False,28.042224884033203,33.9459228515625,True,35.0,20.22317123413086
365.0,False,28.05307960510254,33.95930099487305,True,35.0,20.22317123413086
365.5,False,28.063932418823242,33.97267532348633,True,35.0,20.22317123413086
366.0,False,28.074779510498047,33.98603820800781,True,35.0,20.22317123413086
366.5,False,28.08562469482422,33.99939727783203,True,35.0,20.22317123413086
367.0,False,28.096464157104492,34.012752532958984,True,35.0,20.22317123413086
367.5,False,28.1072998046875,34.02609634399414,True,35.0,20.22317123413086
368.0,False,28.118133544921875,34.03943634033203,True,35.0,20.22317123413086
368.5,False,28.12896156311035,34.052772521972656,True,35.0,20.22317123413086
369.0,False,28.139785766601562,34.06610107421875,True,35.0,20.22317123413086
369.5,False,28.15060806274414,34.07942199707031,True,35.0,20.22317123413086
370.0,False,28.16142463684082,34.092735290527344,True,35.0,20.22317123413086
370.5,False,28.172237396240234,34.10604476928711,True,35.0,20.22317123413086
371.0,False,28.183046340942383,34.119346618652344,True,35.0,20.22317123413086
371.5,False,28.1938533782959,34.13264083862305,True,35.0,20.22317123413086
372.0,False,28.204654693603516,34.145931243896484,True,35.0,20.22317123413086
372.5,False,28.215452194213867,34.15921401977539,True,35.0,20.22317123413086
373.0,False,28.226245880126953,34.172489166259766,True,35.0,20.22317123413086
373.5,False,28.237035751342773,34.185760498046875,True,35.0,20.22317123413086
374.0,False,28.247821807861328,34.19902420043945,True,35.0,20.22317123413086
374.5,False,28.258604049682617,34.2122802734375,True,35.0,20.22317123413086
375.0,False,28.26938247680664,34.22553253173828,True,35.0,20.22317123413086
375.5,False,28.2801570892334,34.23877716064453,True,35.0,20.22317123413086
376.0,False,28.29092788696289,34.252017974853516,True,35.0,20.22317123413086
376.5,False,28.301694869995117,34.26525115966797,True,35.0,20.22317123413086
377.0,False,28.312456130981445,34.27847671508789,True,35.0,20.22317123413086
377.5,False,28.32321548461914,34.29169464111328,True,35.0,20.22317123413086
378.0,False,28.33397102355957,34.304908752441406,True,35.0,20.22317123413086
378.5,False,28.344722747802734,34.318119049072266,True,35.0,20.22317123413086
379.0,False,28.35546875,34.33131790161133,True,35.0,20.22317123413086
379.5,False,28.366212844848633,34.344512939453125,True,35.0,20.22317123413086
380.0,False,28.376951217651367,34.357704162597656,True,35.0,20.22317123413086
380.5,False,28.38768768310547,34.370887756347656,True,35.0,20.22317123413086
381.0,False,28.398418426513672,34.384063720703125,True,35.0,20.22317123413086
381.5,False,28.40914535522461,34.39723205566406,True,35.0,20.22317123413086
382.0,False,28.419870376586914,34.410396575927734,True,35.0,20.22317123413086
382.5,False,28.43058967590332,34.423553466796875,True,35.0,20.22317123413086
383.0,False,28.44130516052246,34.43670654296875,True,35.0,20.22317123413086
383.5,False,28.452016830444336,34.449851989746094,True,35.0,20.22317123413086
384.0,False,28.462724685668945,34.46299362182617,True,35.0,20.22317123413086
384.5,False,28.47342872619629,34.47612380981445,True,35.0,20.22317123413086
385.0,False,28.484128952026367,34.48925018310547,True,35.0,20.22317123413086
385.5,False,28.494823455810547,34.50237274169922,True,35.0,20.22317123413086
386.0,False,28.505516052246094,34.51548767089844,True,35.0,20.22317123413086
386.5,False,28.516204833984375,34.528594970703125,True,35.0,20.22317123413086
387.0,False,28.526887893676758,34.54169845581055,True,35.0,20.22317123413086
387.5,False,28.537569046020508,34.55479431152344,True,35.0,20.22317123413086
388.0,False,28.54824447631836,34.56788635253906,True,35.0,20.22317123413086
388.5,False,28.558917999267578,34.580970764160156,True,35.0,20.22317123413086
389.0,False,28.5695858001709,34.59404754638672,True,35.0,20.22317123413086
389.5,False,28.580249786376953,34.607120513916016,True,35.0,20.22317123413086
390.0,False,28.590909957885742,34.62018585205078,True,35.0,20.22317123413086
390.5,False,28.601566314697266,34.633243560791016,True,35.0,20.22317123413086
391.0,False,28.612218856811523,34.646297454833984,True,35.0,20.22317123413086
391.5,False,28.622867584228516,34.65934371948242,True,35.0,20.22317123413086
392.0,False,28.633512496948242,34.672386169433594,True,35.0,20.22317123413086
392.5,False,28.64415168762207,34.685420989990234,True,35.0,20.22317123413086
393.0,False,28.654788970947266,34.69845199584961,True,35.0,20.22317123413086
393.5,False,28.665420532226562,34.71147155761719,True,35.0,20.22317123413086
394.0,False,28.676050186157227,34.724491119384766,True,35.0,20.22317123413086
394.5,False,28.686674118041992,34.73750305175781,True,35.0,20.22317123413086
395.0,False,28.697294235229492,34.75050735473633,True,35.0,20.22317123413086
395.5,False,28.707910537719727,34.76350402832031,True,35.0,20.22317123413086
396.0,False,28.718523025512695,34.77649688720703,True,35.0,20.22317123413086
396.5,False,28.7291316986084,34.789485931396484,True,35.0,20.22317123413086
397.0,False,28.739736557006836,34.80246353149414,True,35.0,20.22317123413086
397.5,False,28.750335693359375,34.8154411315918,True,35.0,20.22317123413086
398.0,False,28.76093292236328,34.828407287597656,True,35.0,20.22317123413086
398.5,False,28.77152442932129,34.84136962890625,True,35.0,20.22317123413086
399.0,False,28.782114028930664,34.85432815551758,True,35.0,20.22317123413086
399.5,False,28.79269790649414,34.867279052734375,True,35.0,20.22317123413086
400.0,False,28.80327796936035,34.88022232055664,True,35.0,20.22317123413086
400.5,False,28.813854217529297,34.89316177368164,True,35.0,20.22317123413086
401.0,False,28.824426651000977,34.90609359741211,True,35.0,20.22317123413086
401.5,False,28.83499526977539,34.91902160644531,True,35.0,20.22317123413086
402.0,False,28.84556007385254,34.931941986083984,True,35.0,20.22317123413086
402.5,False,28.85611915588379,34.944854736328125,True,35.0,20.22317123413086
403.0,False,28.866676330566406,34.957763671875,True,35.0,20.22317123413086
403.5,False,28.877227783203125,34.970664978027344,True,35.0,20.22317123413086
404.0,False,28.88777732849121,34.98356246948242,True,35.0,20.22317123413086
404.5,False,28.8983211517334,34.99645233154297,True,35.0,20.22317123413086
405.0,False,28.90886116027832,35.00933837890625,True,35.0,20.22317123413086
405.5,False,28.919397354125977,35.022216796875,True,35.0,20.22317123413086
406.0,False,28.929927825927734,35.035091400146484,True,35.0,20.22317123413086
406.5,False,28.94045639038086,35.04795837402344,True,35.0,20.22317123413086
407.0,False,28.95098114013672,35.06081771850586,True,35.0,20.22317123413086
407.5,False,28.96150016784668,35.073673248291016,True,35.0,20.22317123413086
408.0,False,28.972017288208008,35.08652114868164,True,35.0,20.22317123413086
408.5,False,28.982528686523438,35.099365234375,True,35.0,20.22317123413086
409.0,False,28.9930362701416,35.11220169067383,True,35.0,20.22317123413086
409.5,False,29.0035400390625,35.12503433227539,True,35.0,20.22317123413086
410.0,False,29.014039993286133,35.13785934448242,True,35.0,20.22317123413086
410.5,False,29.024534225463867,35.15068054199219,True,35.0,20.22317123413086
411.0,False,29.03502655029297,35.16349411010742,True,35.0,20.22317123413086
411.5,False,29.045513153076172,35.176300048828125,True,35.0,20.22317123413086
412.0,False,29.055997848510742,35.18910217285156,True,35.0,20.22317123413086
412.5,False,29.066476821899414,35.20189666748047,True,35.0,20.22317123413086
413.0,False,29.07695198059082,35.21468734741211,True,35.0,20.22317123413086
413.5,False,29.08742332458496,35.22747039794922,True,35.0,20.22317123413086
414.0,False,29.097890853881836,35.24024963378906,True,35.0,20.22317123413086
414.5,False,29.108354568481445,35.253021240234375,True,35.0,20.22317123413086
415.0,False,29.118812561035156,35.26578903198242,True,35.0,20.22317123413086
415.5,False,29.129268646240234,35.27854919433594,True,35.0,20.22317123413086
416.0,False,29.139719009399414,35.29130554199219,True,35.0,20.22317123413086
416.5,False,29.150165557861328,35.304054260253906,True,35.0,20.22317123413086
417.0,False,29.160608291625977,35.31679916381836,True,35.0,20.22317123413086
417.5,False,29.17104721069336,35.32953643798828,True,35.0,20.22317123413086
418.0,False,29.181482315063477,35.34226608276367,True,35.0,20.22317123413086
418.5,False,29.191911697387695,35.3549919128418,True,35.0,20.22317123413086
419.0,False,29.20233917236328,35.36771011352539,True,35.0,20.22317123413086
419.5,False,29.21276092529297,35.38042449951172,True,35.0,20.22317123413086
420.0,False,29.223180770874023,35.39313507080078,True,35.0,20.22317123413086
420.5,False,29.23359489440918,35.40583801269531,True,35.0,20.22317123413086
421.0,False,29.24400520324707,35.41853332519531,True,35.0,20.22317123413086
421.5,False,29.254409790039062,35.43122482299805,True,35.0,20.22317123413086
422.0,False,29.264812469482422,35.44390869140625,True,35.0,20.22317123413086
422.5,False,29.275211334228516,35.45658874511719,True,35.0,20.22317123413086
423.0,False,29.28560447692871,35.469261169433594,True,35.0,20.22317123413086
423.5,False,29.29599380493164,35.481929779052734,True,35.0,20.22317123413086
424.0,False,29.306379318237305,35.494590759277344,True,35.0,20.22317123413086
424.5,False,29.316761016845703,35.50724792480469,True,35.0,20.22317123413086
425.0,False,29.327138900756836,35.5198974609375,True,35.0,20.22317123413086
425.5,False,29.337512969970703,35.53254318237305,True,35.0,20.22317123413086
426.0,False,29.347881317138672,35.54518127441406,True,35.0,20.22317123413086
426.5,False,29.358247756958008,35.55781173706055,True,35.0,20.22317123413086
427.0,False,29.368608474731445,35.57044219970703,True,35.0,20.22317123413086
427.5,False,29.378965377807617,35.58306121826172,True,35.0,20.22317123413086
428.0,False,29.389318466186523,35.59567642211914,True,35.0,20.22317123413086
428.5,False,29.399667739868164,35.6082878112793,True,35.0,20.22317123413086
429.0,False,29.41001319885254,35.62089157104492,True,35.0,20.22317123413086
429.5,False,29.420352935791016,35.63349151611328,True,35.0,20.22317123413086
430.0,False,29.43069076538086,35.64608383178711,True,35.0,20.22317123413086
430.5,False,29.441022872924805,35.658668518066406,True,35.0,20.22317123413086
431.0,False,29.451351165771484,35.6712532043457,True,35.0,20.22317123413086
431.5,False,29.4616756439209,35.6838264465332,True,35.0,20.22317123413086
432.0,False,29.471996307373047,35.69639587402344,True,35.0,20.22317123413086
432.5,False,29.482311248779297,35.708961486816406,True,35.0,20.22317123413086
433.0,False,29.492624282836914,35.721519470214844,True,35.0,20.22317123413086
433.5,False,29.502931594848633,35.734073638916016,True,35.0,20.22317123413086
434.0,False,29.513235092163086,35.746620178222656,True,35.0,20.22317123413086
434.5,False,29.523536682128906,35.759159088134766,True,35.0,20.22317123413086
435.0,False,29.533830642700195,35.771697998046875,True,35.0,20.22317123413086
435.5,False,29.54412269592285,35.78422546386719,True,35.0,20.22317123413086
436.0,False,29.554410934448242,35.796749114990234,True,35.0,20.22317123413086
436.5,False,29.564693450927734,35.809268951416016,True,35.0,20.22317123413086
437.0,False,29.574974060058594,35.821781158447266,True,35.0,20.22317123413086
437.5,False,29.585248947143555,35.83428955078125,True,35.0,20.22317123413086
438.0,False,29.59552001953125,35.8467903137207,True,35.0,20.22317123413086
438.5,False,29.60578727722168,35.85928726196289,True,35.0,20.22317123413086
439.0,False,29.61604881286621,35.87177658081055,True,35.0,20.22317123413086
439.5,False,29.62630844116211,35.88426208496094,True,35.0,20.22317123413086
440.0,False,29.63656234741211,35.8967399597168,True,35.0,20.22317123413086
440.5,False,29.646814346313477,35.90921401977539,True,35.0,20.22317123413086
441.0,False,29.657060623168945,35.92168045043945,True,35.0,20.22317123413086
441.5,False,29.66730308532715,35.93414306640625,True,35.0,20.22317123413086
442.0,False,29.677539825439453,35.94660186767578,True,35.0,20.22317123413086
442.5,False,29.687774658203125,35.95905303955078,True,35.0,20.22317123413086
443.0,False,29.69800567626953,35.97149658203125,True,35.0,20.22317123413086
443.5,False,29.70823097229004,35.98393630981445,True,35.0,20.22317123413086
444.0,False,29.71845245361328,35.996368408203125,True,35.0,20.22317123413086
444.5,False,29.728670120239258,36.00879669189453,True,35.0,20.22317123413086
445.0,False,29.73888397216797,36.02122116088867,True,35.0,20.22317123413086
445.5,False,29.749094009399414,36.03363800048828,True,35.0,20.22317123413086
446.0,False,29.75929832458496,36.046051025390625,True,35.0,20.22317123413086
446.5,False,29.769500732421875,36.05845642089844,True,35.0,20.22317123413086
447.0,False,29.77969741821289,36.07085418701172,True,35.0,20.22317123413086
447.5,False,29.78989028930664,36.083251953125,True,35.0,20.22317123413086
448.0,False,29.800079345703125,36.095638275146484,True,35.0,20.22317123413086
448.5,False,29.810264587402344,36.10802459716797,True,35.0,20.22317123413086
449.0,False,29.820444107055664,36.120399475097656,True,35.0,20.22317123413086
449.5,False,29.83062171936035,36.132774353027344,True,35.0,20.22317123413086
450.0,False,29.84079360961914,36.1451416015625,True,35.0,20.22317123413086
450.5,False,29.850961685180664,36.157501220703125,True,35.0,20.22317123413086
451.0,False,29.861125946044922,36.169857025146484,True,35.0,20.22317123413086
451.5,False,29.871286392211914,36.18220901489258,True,35.0,20.22317123413086
452.0,False,29.88144302368164,36.19455337524414,True,35.0,20.22317123413086
452.5,False,29.8915958404541,36.20689010620117,True,35.0,20.22317123413086
453.0,False,29.901742935180664,36.21922302246094,True,35.0,20.22317123413086
453.5,False,29.91188621520996,36.23155212402344,True,35.0,20.22317123413086
454.0,False,29.922025680541992,36.243873596191406,True,35.0,20.22317123413086
454.5,False,29.932161331176758,36.25619125366211,True,35.0,20.22317123413086
455.0,False,29.942293167114258,36.26850128173828,True,35.0,20.22317123413086
455.5,False,29.952421188354492,36.28080749511719,True,35.0,20.22317123413086
456.0,False,29.962543487548828,36.29310989379883,True,35.0,20.22317123413086
456.5,False,29.9726619720459,36.30540466308594,True,35.0,20.22317123413086
457.0,False,29.982778549194336,36.317691802978516,True,35.0,20.22317123413086
457.5,False,29.992889404296875,36.32997512817383,True,35.0,20.22317123413086
458.0,False,30.002994537353516,36.342254638671875,True,35.0,20.22317123413086
458.5,False,30.013097763061523,36.35452651977539,True,35.0,20.22317123413086
459.0,False,30.023197174072266,36.36679458618164,True,35.0,20.22317123413086
459.5,False,30.03329086303711,36.37905502319336,True,35.0,20.22317123413086
460.0,False,30.043380737304688,36.39131164550781,True,35.0,20.22317123413086
460.5,False,30.053466796875,36.403560638427734,True,35.0,20.22317123413086
461.0,False,30.063549041748047,36.41580581665039,True,35.0,20.22317123413086
461.5,False,30.073627471923828,36.42804718017578,True,35.0,20.22317123413086
462.0,False,30.083702087402344,36.44028091430664,True,35.0,20.22317123413086
462.5,False,30.09377098083496,36.45250701904297,True,35.0,20.22317123413086
463.0,False,30.103836059570312,36.4647331237793,True,35.0,20.22317123413086
463.5,False,30.11389923095703,36.47694778442383,True,35.0,20.22317123413086
464.0,False,30.12395668029785,36.48916244506836,True,35.0,20.22317123413086
464.5,False,30.134008407592773,36.50136947631836,True,35.0,20.22317123413086
465.0,False,30.144058227539062,36.51356887817383,True,35.0,20.22317123413086
465.5,False,30.154104232788086,36.52576446533203,True,35.0,20.22317123413086
466.0,False,30.16414451599121,36.53795623779297,True,35.0,20.22317123413086
466.5,False,30.17418098449707,36.550140380859375,True,35.0,20.22317123413086
467.0,False,30.184213638305664,36.562320709228516,True,35.0,20.22317123413086
467.5,False,30.194242477416992,36.574493408203125,True,35.0,20.22317123413086
468.0,False,30.204267501831055,36.58666229248047,True,35.0,20.22317123413086
468.5,False,30.21428871154785,36.59882736206055,True,35.0,20.22317123413086
469.0,False,30.22430419921875,36.610984802246094,True,35.0,20.22317123413086
469.5,False,30.234315872192383,36.62313461303711,True,35.0,20.22317123413086
470.0,False,30.24432373046875,36.63528060913086,True,35.0,20.22317123413086
470.5,False,30.25432777404785,36.647422790527344,True,35.0,20.22317123413086
471.0,False,30.264328002929688,36.65956115722656,True,35.0,20.22317123413086
471.5,False,30.274324417114258,36.671688079833984,True,35.0,20.22317123413086
472.0,False,30.28431510925293,36.683815002441406,True,35.0,20.22317123413086
472.5,False,30.29430389404297,36.6959342956543,True,35.0,20.22317123413086
473.0,False,30.30428695678711,36.70804977416992,True,35.0,20.22317123413086
473.5,False,30.314266204833984,36.720157623291016,True,35.0,20.22317123413086
474.0,False,30.324241638183594,36.732261657714844,True,35.0,20.22317123413086
474.5,False,30.334213256835938,36.74435806274414,True,35.0,20.22317123413086
475.0,False,30.344179153442383,36.75645065307617,True,35.0,20.22317123413086
475.5,False,30.354143142700195,36.76853942871094,True,35.0,20.22317123413086
476.0,False,30.36410140991211,36.78062057495117,True,35.0,20.22317123413086
476.5,False,30.374055862426758,36.79269790649414,True,35.0,20.22317123413086
477.0,False,30.38400650024414,36.80476760864258,True,35.0,20.22317123413086
477.5,False,30.393953323364258,36.81683349609375,True,35.0,20.22317123413086
478.0,False,30.40389633178711,36.828895568847656,True,35.0,20.22317123413086
478.5,False,30.413835525512695,36.84095001220703,True,35.0,20.22317123413086
479.0,False,30.423768997192383,36.852996826171875,True,35.0,20.22317123413086
479.5,False,30.433698654174805,36.86504364013672,True,35.0,20.22317123413086
480.0,False,30.44362449645996,36.87708282470703,True,35.0,20.22317123413086
480.5,False,30.45354652404785,36.88911437988281,True,35.0,20.22317123413086
481.0,False,30.463464736938477,36.90114212036133,True,35.0,20.22317123413086
481.5,False,30.473379135131836,36.91316604614258,True,35.0,20.22317123413086
482.0,False,30.483287811279297,36.9251823425293,True,35.0,20.22317123413086
482.5,False,30.493194580078125,36.93719482421875,True,35.0,20.22317123413086
483.0,False,30.503095626831055,36.94920349121094,True,35.0,20.22317123413086
483.5,False,30.51299285888672,36.961204528808594,True,35.0,20.22317123413086
484.0,False,30.522886276245117,36.97319793701172,True,35.0,20.22317123413086
484.5,False,30.53277587890625,36.985191345214844,True,35.0,20.22317123413086
485.0,False,30.542659759521484,36.99717330932617,True,35.0,20.22317123413086
485.5,False,30.552541732788086,37.0091552734375,True,35.0,20.22317123413086
486.0,False,30.56241798400879,37.0211296081543,True,35.0,20.22317123413086
486.5,False,30.572290420532227,37.03310012817383,True,35.0,20.22317123413086
487.0,False,30.5821590423584,37.04506301879883,True,35.0,20.22317123413086
487.5,False,30.592023849487305,37.05702209472656,True,35.0,20.22317123413086
488.0,False,30.601884841918945,37.068973541259766,True,35.0,20.22317123413086
488.5,False,30.61174201965332,37.0809211730957,True,35.0,20.22317123413086
489.0,False,30.621593475341797,37.092864990234375,True,35.0,20.22317123413086
489.5,False,30.631441116333008,37.104801177978516,True,35.0,20.22317123413086
490.0,False,30.641286849975586,37.11673355102539,True,35.0,20.22317123413086
490.5,False,30.651126861572266,37.128662109375,True,35.0,20.22317123413086
491.0,False,30.66096305847168,37.14058303833008,True,35.0,20.22317123413086
491.5,False,30.670793533325195,37.15250015258789,True,35.0,20.22317123413086
492.0,False,30.680622100830078,37.16440963745117,True,35.0,20.22317123413086
492.5,False,30.690444946289062,37.17631530761719,True,35.0,20.22317123413086
493.0,False,30.700265884399414,37.18821716308594,True,35.0,20.22317123413086
493.5,False,30.710081100463867,37.200111389160156,True,35.0,20.22317123413086
494.0,False,30.719892501831055,37.21200180053711,True,35.0,20.22317123413086
494.5,False,30.729700088500977,37.22388458251953,True,35.0,20.22317123413086
495.0,False,30.739503860473633,37.23576354980469,True,35.0,20.22317123413086
495.5,False,30.74930191040039,37.24763870239258,True,35.0,20.22317123413086
496.0,False,30.759098052978516,37.25950622558594,True,35.0,20.22317123413086
496.5,False,30.768888473510742,37.27136993408203,True,35.0,20.22317123413086
497.0,False,30.778675079345703,37.28322982788086,True,35.0,20.22317123413086
497.5,False,30.7884578704834,37.295082092285156,True,35.0,20.22317123413086
498.0,False,30.798236846923828,37.30693054199219,True,35.0,20.22317123413086
498.5,False,30.808012008666992,37.31877136230469,True,35.0,20.22317123413086
499.0,False,30.81778335571289,37.33060836791992,True,35.0,20.22317123413086
499.5,False,30.82754898071289,37.34244155883789,True,35.0,20.22317123413086
